0.001000  , 0.000000  , 0.000000  , 0.000000 
0.002000  , 0.000000  , 0.000000  , 0.000000 
0.003000  , 0.000000  , 0.000000  , 0.000000 
0.004000  , 0.000000  , 0.000000  , 0.000000 
0.005000  , 0.000000  , 0.000000  , 0.000000 
0.006000  , 0.000000  , 0.000000  , 0.000000 
0.007000  , 0.000000  , 0.000000  , 0.000000 
0.008000  , 0.000000  , 0.000000  , 0.000000 
0.009000  , 0.000000  , 0.000000  , 0.000000 
0.010000  , 0.000000  , 0.000000  , 0.000000 
0.011000  , 0.000000  , 0.000000  , 0.000000 
0.012000  , 0.000000  , 0.000000  , 0.000000 
0.013000  , 0.000000  , 0.000000  , 0.000000 
0.014000  , 0.000000  , 0.000000  , 0.000000 
0.015000  , 0.000000  , 0.000000  , 0.000000 
0.016000  , 0.000000  , 0.000000  , 0.000000 
0.017000  , 0.000000  , 0.000000  , 0.000000 
0.018000  , 0.000000  , 0.000000  , 0.000000 
0.019000  , 0.000000  , 0.000000  , 0.000000 
0.020000  , 0.000000  , 0.000000  , 0.000000 
0.021000  , 0.000000  , 0.000000  , 0.000000 
0.022000  , 0.000000  , 0.000000  , 0.000000 
0.023000  , 0.000000  , 0.000000  , 0.000000 
0.024000  , 0.000000  , 0.000000  , 0.000000 
0.025000  , 0.000000  , 0.000000  , 0.000000 
0.026000  , 0.000000  , 0.000000  , 0.000000 
0.027000  , 0.000000  , 0.000000  , 0.000000 
0.028000  , 0.000000  , 0.000000  , 0.000000 
0.029000  , 0.000000  , 0.000000  , 0.000000 
0.030000  , 0.000000  , 0.000000  , 0.000000 
0.031000  , 0.000000  , 0.000000  , 0.000000 
0.032000  , 0.000000  , 0.000000  , 0.000000 
0.033000  , 0.000000  , 0.000000  , 0.000000 
0.034000  , 0.000000  , 0.000000  , 0.000000 
0.035000  , 0.000000  , 0.000000  , 0.000000 
0.036000  , 0.000000  , 0.000000  , 0.000000 
0.037000  , 0.000000  , 0.000000  , 0.000000 
0.038000  , 0.000000  , 0.000000  , 0.000000 
0.039000  , 0.000000  , 0.000000  , 0.000000 
0.040000  , 0.000000  , 0.000000  , 0.000000 
0.041000  , 0.253720  , 0.253720  , 0.000000 
0.042000  , 38.607562  , 38.607562  , 0.000000 
0.043000  , 629.023179  , 629.023179  , 0.000000 
0.044000  , 3857.734350  , 3857.734350  , 0.000000 
0.045000  , 9091.064127  , 9091.064127  , 0.000000 
0.046000  , 13007.971902  , 13007.971902  , 0.000000 
0.047000  , 17559.027318  , 17559.027318  , 0.000000 
0.048000  , 21467.690142  , 21467.690142  , 0.000000 
0.049000  , 22533.491164  , 22533.491164  , 0.000000 
0.050000  , 21620.463107  , 21620.463107  , 0.000000 
0.051000  , 22087.013880  , 22087.013880  , 0.000000 
0.052000  , 21910.273282  , 21910.273282  , 0.000000 
0.053000  , 21828.869782  , 21828.869782  , 0.000000 
0.054000  , 21947.764413  , 21947.764413  , 0.000000 
0.055000  , 22033.193646  , 22033.193646  , 0.000000 
0.056000  , 22046.929354  , 22046.929354  , 0.000000 
0.057000  , 22025.611064  , 22025.611064  , 0.000000 
0.058000  , 22002.801900  , 22002.801900  , 0.000000 
0.059000  , 21987.180721  , 21987.180721  , 0.000000 
0.060000  , 21983.134579  , 21983.134579  , 0.000000 
0.061000  , 21988.412562  , 21988.412562  , 0.000000 
0.062000  , 21997.540928  , 21997.540928  , 0.000000 
0.063000  , 22001.614516  , 22001.614516  , 0.000000 
0.064000  , 22004.072316  , 22004.072316  , 0.000000 
0.065000  , 22003.590451  , 22003.590451  , 0.000000 
0.066000  , 22001.010975  , 22001.010975  , 0.000000 
0.067000  , 22000.465759  , 22000.465759  , 0.000000 
0.068000  , 22002.014540  , 22002.014540  , 0.000000 
0.069000  , 22002.125671  , 22002.125671  , 0.000000 
0.070000  , 22001.195649  , 22001.195649  , 0.000000 
0.071000  , 22001.471270  , 22001.471270  , 0.000000 
0.072000  , 22001.867851  , 22001.867851  , 0.000000 
0.073000  , 22001.721993  , 22001.721993  , 0.000000 
0.074000  , 22001.750756  , 22001.750756  , 0.000000 
0.075000  , 22001.811182  , 22001.811182  , 0.000000 
0.076000  , 22001.764756  , 22001.764756  , 0.000000 
0.077000  , 22001.785819  , 22001.785819  , 0.000000 
0.078000  , 22001.804480  , 22001.804480  , 0.000000 
0.079000  , 22001.783173  , 22001.783173  , 0.000000 
0.080000  , 22001.809941  , 22001.809941  , 0.000000 
0.081000  , 22001.797557  , 22001.797557  , 0.000000 
0.082000  , 22001.807529  , 22001.807529  , 0.000000 
0.083000  , 22001.809391  , 22001.809391  , 0.000000 
0.084000  , 22001.809380  , 22001.809380  , 0.000000 
0.085000  , 22001.814055  , 22001.814055  , 0.000000 
0.086000  , 22001.816261  , 22001.816261  , 0.000000 
0.087000  , 22001.823384  , 22001.823384  , 0.000000 
0.088000  , 22001.827770  , 22001.827770  , 0.000000 
0.089000  , 22001.833760  , 22001.833760  , 0.000000 
0.090000  , 22001.837029  , 22001.837029  , 0.000000 
0.091000  , 22001.840215  , 22001.840215  , 0.000000 
0.092000  , 22001.840409  , 22001.840409  , 0.000000 
0.093000  , 22001.842338  , 22001.842338  , 0.000000 
0.094000  , 22001.844207  , 22001.844207  , 0.000000 
0.095000  , 22001.846884  , 22001.846884  , 0.000000 
0.096000  , 22001.851456  , 22001.851456  , 0.000000 
0.097000  , 22001.857010  , 22001.857010  , 0.000000 
0.098000  , 22001.861665  , 22001.861665  , 0.000000 
0.099000  , 22001.865504  , 22001.865504  , 0.000000 
0.100000  , 22001.868919  , 22001.868919  , 0.000000 
0.101000  , 22001.870194  , 22001.870194  , 0.000000 
0.102000  , 22001.870866  , 22001.870866  , 0.000000 
0.103000  , 22001.871644  , 22001.871644  , 0.000000 
0.104000  , 22001.872644  , 22001.872644  , 0.000000 
0.105000  , 22001.874497  , 22001.874497  , 0.000000 
0.106000  , 22001.877357  , 22001.877357  , 0.000000 
0.107000  , 22001.882145  , 22001.882145  , 0.000000 
0.108000  , 22001.886938  , 22001.886938  , 0.000000 
0.109000  , 22001.891201  , 22001.891201  , 0.000000 
0.110000  , 22001.894816  , 22001.894816  , 0.000000 
0.111000  , 22001.896955  , 22001.896955  , 0.000000 
0.112000  , 22001.897073  , 22001.897073  , 0.000000 
0.113000  , 22001.897775  , 22001.897775  , 0.000000 
0.114000  , 22001.899398  , 22001.899398  , 0.000000 
0.115000  , 22001.900964  , 22001.900964  , 0.000000 
0.116000  , 22001.904741  , 22001.904741  , 0.000000 
0.117000  , 22001.910035  , 22001.910035  , 0.000000 
0.118000  , 22001.913557  , 22001.913557  , 0.000000 
0.119000  , 22001.917205  , 22001.917205  , 0.000000 
0.120000  , 22001.920556  , 22001.920556  , 0.000000 
0.121000  , 22001.921712  , 22001.921712  , 0.000000 
0.122000  , 22001.921306  , 22001.921306  , 0.000000 
0.123000  , 22001.922131  , 22001.922131  , 0.000000 
0.124000  , 22001.922375  , 22001.922375  , 0.000000 
0.125000  , 22001.923369  , 22001.923369  , 0.000000 
0.126000  , 22001.925542  , 22001.925542  , 0.000000 
0.127000  , 22001.929540  , 22001.929540  , 0.000000 
0.128000  , 22001.934191  , 22001.934191  , 0.000000 
0.129000  , 22001.937796  , 22001.937796  , 0.000000 
0.130000  , 22001.940715  , 22001.940715  , 0.000000 
0.131000  , 22001.936698  , 22001.936698  , 0.000000 
0.132000  , 22001.900396  , 22001.900396  , 0.000000 
0.133000  , 22001.912849  , 22001.912849  , 0.000000 
0.134000  , 22005.295325  , 22005.295325  , 0.000000 
0.135000  , 22044.369166  , 22044.369166  , 0.000000 
0.136000  , 22187.164733  , 22187.164733  , 0.000000 
0.137000  , 22304.549846  , 22304.549846  , 0.000000 
0.138000  , 22432.189909  , 22432.189909  , 0.000000 
0.139000  , 22499.730577  , 22499.730577  , 0.000000 
0.140000  , 22558.611141  , 22558.611141  , 0.000000 
0.141000  , 22460.265634  , 22460.265634  , 0.000000 
0.142000  , 22425.439427  , 22425.439427  , 0.000000 
0.143000  , 22391.312350  , 22391.312350  , 0.000000 
0.144000  , 22433.593902  , 22433.593902  , 0.000000 
0.145000  , 22359.749480  , 22359.749480  , 0.000000 
0.146000  , 22398.512493  , 22398.512493  , 0.000000 
0.147000  , 22342.639113  , 22342.639113  , 0.000000 
0.148000  , 22271.942344  , 22271.942344  , 0.000000 
0.149000  , 22190.689817  , 22190.689817  , 0.000000 
0.150000  , 22192.697712  , 22192.697712  , 0.000000 
0.151000  , 22125.514154  , 22125.514154  , 0.000000 
0.152000  , 22110.436683  , 22110.436683  , 0.000000 
0.153000  , 22101.111705  , 22101.111705  , 0.000000 
0.154000  , 22100.410614  , 22100.410614  , 0.000000 
0.155000  , 22141.743742  , 22141.743742  , 0.000000 
0.156000  , 22191.223983  , 22191.223983  , 0.000000 
0.157000  , 22211.840907  , 22211.840907  , 0.000000 
0.158000  , 22221.964086  , 22221.964086  , 0.000000 
0.159000  , 22220.817999  , 22220.817999  , 0.000000 
0.160000  , 22176.242923  , 22176.242923  , 0.000000 
0.161000  , 22123.987684  , 22123.987684  , 0.000000 
0.162000  , 22100.284589  , 22100.284589  , 0.000000 
0.163000  , 22082.391124  , 22082.391124  , 0.000000 
0.164000  , 22066.727543  , 22066.727543  , 0.000000 
0.165000  , 22112.696076  , 22112.696076  , 0.000000 
0.166000  , 22164.127579  , 22164.127579  , 0.000000 
0.167000  , 22189.825351  , 22189.825351  , 0.000000 
0.168000  , 22207.359783  , 22207.359783  , 0.000000 
0.169000  , 22222.645949  , 22222.645949  , 0.000000 
0.170000  , 22176.704452  , 22176.704452  , 0.000000 
0.171000  , 22125.254368  , 22125.254368  , 0.000000 
0.172000  , 22099.192007  , 22099.192007  , 0.000000 
0.173000  , 22080.526138  , 22080.526138  , 0.000000 
0.174000  , 22065.278330  , 22065.278330  , 0.000000 
0.175000  , 22111.731094  , 22111.731094  , 0.000000 
0.176000  , 22163.010635  , 22163.010635  , 0.000000 
0.177000  , 22188.802930  , 22188.802930  , 0.000000 
0.178000  , 22207.622455  , 22207.622455  , 0.000000 
0.179000  , 22223.068270  , 22223.068270  , 0.000000 
0.180000  , 22176.640731  , 22176.640731  , 0.000000 
0.181000  , 22125.374499  , 22125.374499  , 0.000000 
0.182000  , 22099.601165  , 22099.601165  , 0.000000 
0.183000  , 22080.862507  , 22080.862507  , 0.000000 
0.184000  , 22065.408112  , 22065.408112  , 0.000000 
0.185000  , 22111.862152  , 22111.862152  , 0.000000 
0.186000  , 22163.128403  , 22163.128403  , 0.000000 
0.187000  , 22188.934670  , 22188.934670  , 0.000000 
0.188000  , 22207.681580  , 22207.681580  , 0.000000 
0.189000  , 22223.125557  , 22223.125557  , 0.000000 
0.190000  , 22176.669898  , 22176.669898  , 0.000000 
0.191000  , 22125.402196  , 22125.402196  , 0.000000 
0.192000  , 22099.598070  , 22099.598070  , 0.000000 
0.193000  , 22080.848397  , 22080.848397  , 0.000000 
0.194000  , 22065.408464  , 22065.408464  , 0.000000 
0.195000  , 22111.866063  , 22111.866063  , 0.000000 
0.196000  , 22163.135874  , 22163.135874  , 0.000000 
0.197000  , 22188.940518  , 22188.940518  , 0.000000 
0.198000  , 22207.690097  , 22207.690097  , 0.000000 
0.199000  , 22223.129842  , 22223.129842  , 0.000000 
0.200000  , 22176.673146  , 22176.673146  , 0.000000 
0.201000  , 22125.403981  , 22125.403981  , 0.000000 
0.202000  , 22099.600126  , 22099.600126  , 0.000000 
0.203000  , 22080.850958  , 22080.850958  , 0.000000 
0.204000  , 22065.412986  , 22065.412986  , 0.000000 
0.205000  , 22111.871117  , 22111.871117  , 0.000000 
0.206000  , 22163.141057  , 22163.141057  , 0.000000 
0.207000  , 22188.947220  , 22188.947220  , 0.000000 
0.208000  , 22207.700041  , 22207.700041  , 0.000000 
0.209000  , 22223.141458  , 22223.141458  , 0.000000 
0.210000  , 22176.685322  , 22176.685322  , 0.000000 
0.211000  , 22125.418287  , 22125.418287  , 0.000000 
0.212000  , 22099.614921  , 22099.614921  , 0.000000 
0.213000  , 22080.865644  , 22080.865644  , 0.000000 
0.214000  , 22065.428182  , 22065.428182  , 0.000000 
0.215000  , 22111.887848  , 22111.887848  , 0.000000 
0.216000  , 22163.156481  , 22163.156481  , 0.000000 
0.217000  , 22188.961344  , 22188.961344  , 0.000000 
0.218000  , 22207.710530  , 22207.710530  , 0.000000 
0.219000  , 22223.147493  , 22223.147493  , 0.000000 
0.220000  , 22176.688508  , 22176.688508  , 0.000000 
0.221000  , 22125.418734  , 22125.418734  , 0.000000 
0.222000  , 22099.614951  , 22099.614951  , 0.000000 
0.223000  , 22080.985261  , 22080.985261  , 0.000000 
0.224000  , 22067.014978  , 22067.014978  , 0.000000 
0.225000  , 22123.611706  , 22123.611706  , 0.000000 
0.226000  , 22218.154599  , 22218.154599  , 0.000000 
0.227000  , 22353.188052  , 22353.188052  , 0.000000 
0.228000  , 22518.137992  , 22518.137992  , 0.000000 
0.229000  , 22639.178238  , 22639.178238  , 0.000000 
0.230000  , 22677.272844  , 22677.272844  , 0.000000 
0.231000  , 22659.287366  , 22659.287366  , 0.000000 
0.232000  , 22585.178934  , 22585.178934  , 0.000000 
0.233000  , 22499.272377  , 22499.272377  , 0.000000 
0.234000  , 22455.924139  , 22455.924139  , 0.000000 
0.235000  , 22516.430175  , 22516.430175  , 0.000000 
0.236000  , 22552.040086  , 22552.040086  , 0.000000 
0.237000  , 22557.471110  , 22557.471110  , 0.000000 
0.238000  , 22557.250473  , 22557.250473  , 0.000000 
0.239000  , 22512.769551  , 22512.769551  , 0.000000 
0.240000  , 22391.352144  , 22391.352144  , 0.000000 
0.241000  , 22291.878543  , 22291.878543  , 0.000000 
0.242000  , 22246.663626  , 22246.663626  , 0.000000 
0.243000  , 22175.463361  , 22175.463361  , 0.000000 
0.244000  , 22161.932157  , 22161.932157  , 0.000000 
0.245000  , 22208.534822  , 22208.534822  , 0.000000 
0.246000  , 22304.238484  , 22304.238484  , 0.000000 
0.247000  , 22378.222245  , 22378.222245  , 0.000000 
0.248000  , 22429.000521  , 22429.000521  , 0.000000 
0.249000  , 22444.588087  , 22444.588087  , 0.000000 
0.250000  , 22391.606063  , 22391.606063  , 0.000000 
0.251000  , 22296.086569  , 22296.086569  , 0.000000 
0.252000  , 22219.300543  , 22219.300543  , 0.000000 
0.253000  , 22169.963139  , 22169.963139  , 0.000000 
0.254000  , 22145.916680  , 22145.916680  , 0.000000 
0.255000  , 22187.235113  , 22187.235113  , 0.000000 
0.256000  , 22275.909820  , 22275.909820  , 0.000000 
0.257000  , 22357.168532  , 22357.168532  , 0.000000 
0.258000  , 22407.017857  , 22407.017857  , 0.000000 
0.259000  , 22430.305025  , 22430.305025  , 0.000000 
0.260000  , 22390.689085  , 22390.689085  , 0.000000 
0.261000  , 22301.423039  , 22301.423039  , 0.000000 
0.262000  , 22220.422749  , 22220.422749  , 0.000000 
0.263000  , 22169.990038  , 22169.990038  , 0.000000 
0.264000  , 22145.661274  , 22145.661274  , 0.000000 
0.265000  , 22185.122735  , 22185.122735  , 0.000000 
0.266000  , 22274.951713  , 22274.951713  , 0.000000 
0.267000  , 22356.071043  , 22356.071043  , 0.000000 
0.268000  , 22406.242942  , 22406.242942  , 0.000000 
0.269000  , 22430.886698  , 22430.886698  , 0.000000 
0.270000  , 22391.262523  , 22391.262523  , 0.000000 
0.271000  , 22301.599570  , 22301.599570  , 0.000000 
0.272000  , 22220.404887  , 22220.404887  , 0.000000 
0.273000  , 22170.337226  , 22170.337226  , 0.000000 
0.274000  , 22145.770246  , 22145.770246  , 0.000000 
0.275000  , 22185.403329  , 22185.403329  , 0.000000 
0.276000  , 22275.042608  , 22275.042608  , 0.000000 
0.277000  , 22356.244326  , 22356.244326  , 0.000000 
0.278000  , 22406.298054  , 22406.298054  , 0.000000 
0.279000  , 22430.849889  , 22430.849889  , 0.000000 
0.280000  , 22391.221519  , 22391.221519  , 0.000000 
0.281000  , 22301.576803  , 22301.576803  , 0.000000 
0.282000  , 22220.372920  , 22220.372920  , 0.000000 
0.283000  , 22170.316156  , 22170.316156  , 0.000000 
0.284000  , 22145.759850  , 22145.759850  , 0.000000 
0.285000  , 22185.385547  , 22185.385547  , 0.000000 
0.286000  , 22275.034058  , 22275.034058  , 0.000000 
0.287000  , 22356.236445  , 22356.236445  , 0.000000 
0.288000  , 22406.293642  , 22406.293642  , 0.000000 
0.289000  , 22430.851735  , 22430.851735  , 0.000000 
0.290000  , 22391.224932  , 22391.224932  , 0.000000 
0.291000  , 22301.576332  , 22301.576332  , 0.000000 
0.292000  , 22220.373837  , 22220.373837  , 0.000000 
0.293000  , 22170.317032  , 22170.317032  , 0.000000 
0.294000  , 22145.759965  , 22145.759965  , 0.000000 
0.295000  , 22185.387734  , 22185.387734  , 0.000000 
0.296000  , 22275.037424  , 22275.037424  , 0.000000 
0.297000  , 22356.240026  , 22356.240026  , 0.000000 
0.298000  , 22406.296959  , 22406.296959  , 0.000000 
0.299000  , 22430.854179  , 22430.854179  , 0.000000 
0.300000  , 22391.226570  , 22391.226570  , 0.000000 
0.301000  , 22301.577650  , 22301.577650  , 0.000000 
0.302000  , 22220.412457  , 22220.412457  , 0.000000 
0.303000  , 22171.431104  , 22171.431104  , 0.000000 
0.304000  , 22157.246996  , 22157.246996  , 0.000000 
0.305000  , 22216.075719  , 22216.075719  , 0.000000 
0.306000  , 22293.521905  , 22293.521905  , 0.000000 
0.307000  , 22383.897770  , 22383.897770  , 0.000000 
0.308000  , 22430.583422  , 22430.583422  , 0.000000 
0.309000  , 22440.802082  , 22440.802082  , 0.000000 
0.310000  , 22381.680249  , 22381.680249  , 0.000000 
0.311000  , 22305.640317  , 22305.640317  , 0.000000 
0.312000  , 22216.965177  , 22216.965177  , 0.000000 
0.313000  , 22174.019407  , 22174.019407  , 0.000000 
0.314000  , 22176.159990  , 22176.159990  , 0.000000 
0.315000  , 22240.743684  , 22240.743684  , 0.000000 
0.316000  , 22331.406194  , 22331.406194  , 0.000000 
0.317000  , 22448.057324  , 22448.057324  , 0.000000 
0.318000  , 22560.239126  , 22560.239126  , 0.000000 
0.319000  , 22644.380216  , 22644.380216  , 0.000000 
0.320000  , 22667.878320  , 22667.878320  , 0.000000 
0.321000  , 22653.078877  , 22653.078877  , 0.000000 
0.322000  , 22603.741851  , 22603.741851  , 0.000000 
0.323000  , 22542.109196  , 22542.109196  , 0.000000 
0.324000  , 22468.124415  , 22468.124415  , 0.000000 
0.325000  , 22435.774863  , 22435.774863  , 0.000000 
0.326000  , 22479.503740  , 22479.503740  , 0.000000 
0.327000  , 22534.460794  , 22534.460794  , 0.000000 
0.328000  , 22561.429698  , 22561.429698  , 0.000000 
0.329000  , 22583.060989  , 22583.060989  , 0.000000 
0.330000  , 22549.521271  , 22549.521271  , 0.000000 
0.331000  , 22442.146404  , 22442.146404  , 0.000000 
0.332000  , 22334.346793  , 22334.346793  , 0.000000 
0.333000  , 22263.674106  , 22263.674106  , 0.000000 
0.334000  , 22230.516829  , 22230.516829  , 0.000000 
0.335000  , 22260.166215  , 22260.166215  , 0.000000 
0.336000  , 22339.555743  , 22339.555743  , 0.000000 
0.337000  , 22424.481680  , 22424.481680  , 0.000000 
0.338000  , 22495.643065  , 22495.643065  , 0.000000 
0.339000  , 22524.445733  , 22524.445733  , 0.000000 
0.340000  , 22483.502990  , 22483.502990  , 0.000000 
0.341000  , 22403.787174  , 22403.787174  , 0.000000 
0.342000  , 22315.761786  , 22315.761786  , 0.000000 
0.343000  , 22241.887748  , 22241.887748  , 0.000000 
0.344000  , 22207.729792  , 22207.729792  , 0.000000 
0.345000  , 22248.588895  , 22248.588895  , 0.000000 
0.346000  , 22325.366778  , 22325.366778  , 0.000000 
0.347000  , 22413.426261  , 22413.426261  , 0.000000 
0.348000  , 22486.285796  , 22486.285796  , 0.000000 
0.349000  , 22521.688658  , 22521.688658  , 0.000000 
0.350000  , 22479.659100  , 22479.659100  , 0.000000 
0.351000  , 22403.043748  , 22403.043748  , 0.000000 
0.352000  , 22315.252740  , 22315.252740  , 0.000000 
0.353000  , 22241.494356  , 22241.494356  , 0.000000 
0.354000  , 22206.449847  , 22206.449847  , 0.000000 
0.355000  , 22248.695429  , 22248.695429  , 0.000000 
0.356000  , 22325.216890  , 22325.216890  , 0.000000 
0.357000  , 22413.145493  , 22413.145493  , 0.000000 
0.358000  , 22487.202195  , 22487.202195  , 0.000000 
0.359000  , 22522.268752  , 22522.268752  , 0.000000 
0.360000  , 22480.190073  , 22480.190073  , 0.000000 
0.361000  , 22403.777957  , 22403.777957  , 0.000000 
0.362000  , 22315.494806  , 22315.494806  , 0.000000 
0.363000  , 22241.495049  , 22241.495049  , 0.000000 
0.364000  , 22206.437497  , 22206.437497  , 0.000000 
0.365000  , 22248.530702  , 22248.530702  , 0.000000 
0.366000  , 22324.978307  , 22324.978307  , 0.000000 
0.367000  , 22413.284010  , 22413.284010  , 0.000000 
0.368000  , 22487.288434  , 22487.288434  , 0.000000 
0.369000  , 22522.333544  , 22522.333544  , 0.000000 
0.370000  , 22480.235648  , 22480.235648  , 0.000000 
0.371000  , 22403.800195  , 22403.800195  , 0.000000 
0.372000  , 22315.471768  , 22315.471768  , 0.000000 
0.373000  , 22241.451723  , 22241.451723  , 0.000000 
0.374000  , 22206.410091  , 22206.410091  , 0.000000 
0.375000  , 22248.510231  , 22248.510231  , 0.000000 
0.376000  , 22324.946626  , 22324.946626  , 0.000000 
0.377000  , 22413.273295  , 22413.273295  , 0.000000 
0.378000  , 22487.292233  , 22487.292233  , 0.000000 
0.379000  , 22522.334752  , 22522.334752  , 0.000000 
0.380000  , 22480.236432  , 22480.236432  , 0.000000 
0.381000  , 22403.800720  , 22403.800720  , 0.000000 
0.382000  , 22315.471614  , 22315.471614  , 0.000000 
0.383000  , 22241.451008  , 22241.451008  , 0.000000 
0.384000  , 22206.409729  , 22206.409729  , 0.000000 
0.385000  , 22248.508779  , 22248.508779  , 0.000000 
0.386000  , 22324.945131  , 22324.945131  , 0.000000 
0.387000  , 22413.274475  , 22413.274475  , 0.000000 
0.388000  , 22487.295466  , 22487.295466  , 0.000000 
0.389000  , 22522.336696  , 22522.336696  , 0.000000 
0.390000  , 22480.237987  , 22480.237987  , 0.000000 
0.391000  , 22403.805510  , 22403.805510  , 0.000000 
0.392000  , 22315.521361  , 22315.521361  , 0.000000 
0.393000  , 22241.903300  , 22241.903300  , 0.000000 
0.394000  , 22209.206598  , 22209.206598  , 0.000000 
0.395000  , 22259.376762  , 22259.376762  , 0.000000 
0.396000  , 22349.109148  , 22349.109148  , 0.000000 
0.397000  , 22441.118631  , 22441.118631  , 0.000000 
0.398000  , 22508.093258  , 22508.093258  , 0.000000 
0.399000  , 22544.476333  , 22544.476333  , 0.000000 
0.400000  , 22492.751084  , 22492.751084  , 0.000000 
0.401000  , 22403.891323  , 22403.891323  , 0.000000 
0.402000  , 22311.036552  , 22311.036552  , 0.000000 
0.403000  , 22245.974442  , 22245.974442  , 0.000000 
0.404000  , 22211.323108  , 22211.323108  , 0.000000 
0.405000  , 22271.890932  , 22271.890932  , 0.000000 
0.406000  , 22371.852425  , 22371.852425  , 0.000000 
0.407000  , 22476.875592  , 22476.875592  , 0.000000 
0.408000  , 22575.377496  , 22575.377496  , 0.000000 
0.409000  , 22671.794724  , 22671.794724  , 0.000000 
0.410000  , 22694.428524  , 22694.428524  , 0.000000 
0.411000  , 22686.384518  , 22686.384518  , 0.000000 
0.412000  , 22659.094631  , 22659.094631  , 0.000000 
0.413000  , 22625.801525  , 22625.801525  , 0.000000 
0.414000  , 22576.572529  , 22576.572529  , 0.000000 
0.415000  , 22571.890442  , 22571.890442  , 0.000000 
0.416000  , 22575.811497  , 22575.811497  , 0.000000 
0.417000  , 22610.686714  , 22610.686714  , 0.000000 
0.418000  , 22657.480593  , 22657.480593  , 0.000000 
0.419000  , 22679.003533  , 22679.003533  , 0.000000 
0.420000  , 22627.838261  , 22627.838261  , 0.000000 
0.421000  , 22557.659537  , 22557.659537  , 0.000000 
0.422000  , 22460.490040  , 22460.490040  , 0.000000 
0.423000  , 22358.367017  , 22358.367017  , 0.000000 
0.424000  , 22301.371761  , 22301.371761  , 0.000000 
0.425000  , 22332.290641  , 22332.290641  , 0.000000 
0.426000  , 22398.055132  , 22398.055132  , 0.000000 
0.427000  , 22479.533251  , 22479.533251  , 0.000000 
0.428000  , 22554.529057  , 22554.529057  , 0.000000 
0.429000  , 22605.392887  , 22605.392887  , 0.000000 
0.430000  , 22576.344211  , 22576.344211  , 0.000000 
0.431000  , 22501.155461  , 22501.155461  , 0.000000 
0.432000  , 22412.935169  , 22412.935169  , 0.000000 
0.433000  , 22339.656082  , 22339.656082  , 0.000000 
0.434000  , 22282.857999  , 22282.857999  , 0.000000 
0.435000  , 22308.147434  , 22308.147434  , 0.000000 
0.436000  , 22380.905468  , 22380.905468  , 0.000000 
0.437000  , 22467.366734  , 22467.366734  , 0.000000 
0.438000  , 22540.587915  , 22540.587915  , 0.000000 
0.439000  , 22595.471649  , 22595.471649  , 0.000000 
0.440000  , 22571.094421  , 22571.094421  , 0.000000 
0.441000  , 22498.675280  , 22498.675280  , 0.000000 
0.442000  , 22411.432246  , 22411.432246  , 0.000000 
0.443000  , 22338.305848  , 22338.305848  , 0.000000 
0.444000  , 22282.916620  , 22282.916620  , 0.000000 
0.445000  , 22306.947636  , 22306.947636  , 0.000000 
0.446000  , 22379.906974  , 22379.906974  , 0.000000 
0.447000  , 22467.106670  , 22467.106670  , 0.000000 
0.448000  , 22540.333664  , 22540.333664  , 0.000000 
0.449000  , 22596.164848  , 22596.164848  , 0.000000 
0.450000  , 22572.223890  , 22572.223890  , 0.000000 
0.451000  , 22499.206911  , 22499.206911  , 0.000000 
0.452000  , 22412.084474  , 22412.084474  , 0.000000 
0.453000  , 22338.836192  , 22338.836192  , 0.000000 
0.454000  , 22282.807137  , 22282.807137  , 0.000000 
0.455000  , 22306.835547  , 22306.835547  , 0.000000 
0.456000  , 22379.834867  , 22379.834867  , 0.000000 
0.457000  , 22466.948076  , 22466.948076  , 0.000000 
0.458000  , 22540.204403  , 22540.204403  , 0.000000 
0.459000  , 22596.205295  , 22596.205295  , 0.000000 
0.460000  , 22572.168252  , 22572.168252  , 0.000000 
0.461000  , 22499.176642  , 22499.176642  , 0.000000 
0.462000  , 22412.063258  , 22412.063258  , 0.000000 
0.463000  , 22338.793602  , 22338.793602  , 0.000000 
0.464000  , 22282.766272  , 22282.766272  , 0.000000 
0.465000  , 22306.803316  , 22306.803316  , 0.000000 
0.466000  , 22379.802330  , 22379.802330  , 0.000000 
0.467000  , 22466.914555  , 22466.914555  , 0.000000 
0.468000  , 22540.182957  , 22540.182957  , 0.000000 
0.469000  , 22596.213075  , 22596.213075  , 0.000000 
0.470000  , 22572.175348  , 22572.175348  , 0.000000 
0.471000  , 22499.176516  , 22499.176516  , 0.000000 
0.472000  , 22412.067217  , 22412.067217  , 0.000000 
0.473000  , 22338.861936  , 22338.861936  , 0.000000 
0.474000  , 22283.337071  , 22283.337071  , 0.000000 
0.475000  , 22308.042321  , 22308.042321  , 0.000000 
0.476000  , 22380.522968  , 22380.522968  , 0.000000 
0.477000  , 22467.979727  , 22467.979727  , 0.000000 
0.478000  , 22541.154934  , 22541.154934  , 0.000000 
0.479000  , 22596.503211  , 22596.503211  , 0.000000 
0.480000  , 22571.771569  , 22571.771569  , 0.000000 
0.481000  , 22499.354655  , 22499.354655  , 0.000000 
0.482000  , 22412.014587  , 22412.014587  , 0.000000 
0.483000  , 22339.554453  , 22339.554453  , 0.000000 
0.484000  , 22289.522771  , 22289.522771  , 0.000000 
0.485000  , 22324.546066  , 22324.546066  , 0.000000 
0.486000  , 22394.641614  , 22394.641614  , 0.000000 
0.487000  , 22490.882738  , 22490.882738  , 0.000000 
0.488000  , 22565.904045  , 22565.904045  , 0.000000 
0.489000  , 22611.981053  , 22611.981053  , 0.000000 
0.490000  , 22577.754663  , 22577.754663  , 0.000000 
0.491000  , 22509.875290  , 22509.875290  , 0.000000 
0.492000  , 22412.608531  , 22412.608531  , 0.000000 
0.493000  , 22340.576727  , 22340.576727  , 0.000000 
0.494000  , 22301.945411  , 22301.945411  , 0.000000 
0.495000  , 22338.110112  , 22338.110112  , 0.000000 
0.496000  , 22408.722098  , 22408.722098  , 0.000000 
0.497000  , 22514.548130  , 22514.548130  , 0.000000 
0.498000  , 22606.737226  , 22606.737226  , 0.000000 
0.499000  , 22675.535415  , 22675.535415  , 0.000000 
0.500000  , 22691.889518  , 22691.889518  , 0.000000 
0.501000  , 22693.261721  , 22693.261721  , 0.000000 
0.502000  , 22669.970932  , 22669.970932  , 0.000000 
0.503000  , 22643.819670  , 22643.819670  , 0.000000 
0.504000  , 22589.199502  , 22589.199502  , 0.000000 
0.505000  , 22556.054884  , 22556.054884  , 0.000000 
0.506000  , 22569.157198  , 22569.157198  , 0.000000 
0.507000  , 22599.786715  , 22599.786715  , 0.000000 
0.508000  , 22632.652057  , 22632.652057  , 0.000000 
0.509000  , 22693.198988  , 22693.198988  , 0.000000 
0.510000  , 22708.026399  , 22708.026399  , 0.000000 
0.511000  , 22648.094178  , 22648.094178  , 0.000000 
0.512000  , 22558.325452  , 22558.325452  , 0.000000 
0.513000  , 22476.531729  , 22476.531729  , 0.000000 
0.514000  , 22401.257794  , 22401.257794  , 0.000000 
0.515000  , 22394.246868  , 22394.246868  , 0.000000 
0.516000  , 22442.656802  , 22442.656802  , 0.000000 
0.517000  , 22516.720547  , 22516.720547  , 0.000000 
0.518000  , 22581.051073  , 22581.051073  , 0.000000 
0.519000  , 22638.359706  , 22638.359706  , 0.000000 
0.520000  , 22634.396663  , 22634.396663  , 0.000000 
0.521000  , 22586.996029  , 22586.996029  , 0.000000 
0.522000  , 22506.339295  , 22506.339295  , 0.000000 
0.523000  , 22431.503259  , 22431.503259  , 0.000000 
0.524000  , 22368.504314  , 22368.504314  , 0.000000 
0.525000  , 22372.505875  , 22372.505875  , 0.000000 
0.526000  , 22418.366652  , 22418.366652  , 0.000000 
0.527000  , 22499.043328  , 22499.043328  , 0.000000 
0.528000  , 22572.704208  , 22572.704208  , 0.000000 
0.529000  , 22634.394762  , 22634.394762  , 0.000000 
0.530000  , 22629.152552  , 22629.152552  , 0.000000 
0.531000  , 22582.980751  , 22582.980751  , 0.000000 
0.532000  , 22502.807156  , 22502.807156  , 0.000000 
0.533000  , 22428.416600  , 22428.416600  , 0.000000 
0.534000  , 22366.892531  , 22366.892531  , 0.000000 
0.535000  , 22372.176455  , 22372.176455  , 0.000000 
0.536000  , 22418.345960  , 22418.345960  , 0.000000 
0.537000  , 22498.672364  , 22498.672364  , 0.000000 
0.538000  , 22573.188644  , 22573.188644  , 0.000000 
0.539000  , 22634.843781  , 22634.843781  , 0.000000 
0.540000  , 22629.975500  , 22629.975500  , 0.000000 
0.541000  , 22583.924420  , 22583.924420  , 0.000000 
0.542000  , 22503.430298  , 22503.430298  , 0.000000 
0.543000  , 22428.827532  , 22428.827532  , 0.000000 
0.544000  , 22367.200533  , 22367.200533  , 0.000000 
0.545000  , 22372.072130  , 22372.072130  , 0.000000 
0.546000  , 22418.188871  , 22418.188871  , 0.000000 
0.547000  , 22498.685318  , 22498.685318  , 0.000000 
0.548000  , 22573.277036  , 22573.277036  , 0.000000 
0.549000  , 22634.908660  , 22634.908660  , 0.000000 
0.550000  , 22630.044665  , 22630.044665  , 0.000000 
0.551000  , 22583.910576  , 22583.910576  , 0.000000 
0.552000  , 22503.410526  , 22503.410526  , 0.000000 
0.553000  , 22428.813084  , 22428.813084  , 0.000000 
0.554000  , 22367.189817  , 22367.189817  , 0.000000 
0.555000  , 22372.059632  , 22372.059632  , 0.000000 
0.556000  , 22418.202114  , 22418.202114  , 0.000000 
0.557000  , 22498.705628  , 22498.705628  , 0.000000 
0.558000  , 22573.303778  , 22573.303778  , 0.000000 
0.559000  , 22634.922189  , 22634.922189  , 0.000000 
0.560000  , 22630.048425  , 22630.048425  , 0.000000 
0.561000  , 22583.905711  , 22583.905711  , 0.000000 
0.562000  , 22503.398711  , 22503.398711  , 0.000000 
0.563000  , 22428.819982  , 22428.819982  , 0.000000 
0.564000  , 22367.317775  , 22367.317775  , 0.000000 
0.565000  , 22372.556088  , 22372.556088  , 0.000000 
0.566000  , 22419.225366  , 22419.225366  , 0.000000 
0.567000  , 22499.786726  , 22499.786726  , 0.000000 
0.568000  , 22574.113921  , 22574.113921  , 0.000000 
0.569000  , 22635.799938  , 22635.799938  , 0.000000 
0.570000  , 22630.455945  , 22630.455945  , 0.000000 
0.571000  , 22583.861928  , 22583.861928  , 0.000000 
0.572000  , 22503.266142  , 22503.266142  , 0.000000 
0.573000  , 22429.240629  , 22429.240629  , 0.000000 
0.574000  , 22368.774188  , 22368.774188  , 0.000000 
0.575000  , 22378.454019  , 22378.454019  , 0.000000 
0.576000  , 22432.668799  , 22432.668799  , 0.000000 
0.577000  , 22517.946723  , 22517.946723  , 0.000000 
0.578000  , 22593.122160  , 22593.122160  , 0.000000 
0.579000  , 22658.708754  , 22658.708754  , 0.000000 
0.580000  , 22648.519287  , 22648.519287  , 0.000000 
0.581000  , 22593.211684  , 22593.211684  , 0.000000 
0.582000  , 22509.037896  , 22509.037896  , 0.000000 
0.583000  , 22435.262954  , 22435.262954  , 0.000000 
0.584000  , 22370.172330  , 22370.172330  , 0.000000 
0.585000  , 22386.129152  , 22386.129152  , 0.000000 
0.586000  , 22446.437221  , 22446.437221  , 0.000000 
0.587000  , 22532.221631  , 22532.221631  , 0.000000 
0.588000  , 22615.818242  , 22615.818242  , 0.000000 
0.589000  , 22700.680946  , 22700.680946  , 0.000000 
0.590000  , 22715.139521  , 22715.139521  , 0.000000 
0.591000  , 22707.556230  , 22707.556230  , 0.000000 
0.592000  , 22691.384476  , 22691.384476  , 0.000000 
0.593000  , 22686.153831  , 22686.153831  , 0.000000 
0.594000  , 22665.658681  , 22665.658681  , 0.000000 
0.595000  , 22675.038520  , 22675.038520  , 0.000000 
0.596000  , 22670.882462  , 22670.882462  , 0.000000 
0.597000  , 22685.392269  , 22685.392269  , 0.000000 
0.598000  , 22706.899647  , 22706.899647  , 0.000000 
0.599000  , 22732.301786  , 22732.301786  , 0.000000 
0.600000  , 22725.422255  , 22725.422255  , 0.000000 
0.601000  , 22712.023891  , 22712.023891  , 0.000000 
0.602000  , 22656.534307  , 22656.534307  , 0.000000 
0.603000  , 22575.982768  , 22575.982768  , 0.000000 
0.604000  , 22503.935249  , 22503.935249  , 0.000000 
0.605000  , 22489.300075  , 22489.300075  , 0.000000 
0.606000  , 22506.546829  , 22506.546829  , 0.000000 
0.607000  , 22559.777170  , 22559.777170  , 0.000000 
0.608000  , 22620.929575  , 22620.929575  , 0.000000 
0.609000  , 22676.068911  , 22676.068911  , 0.000000 
0.610000  , 22673.844698  , 22673.844698  , 0.000000 
0.611000  , 22644.589469  , 22644.589469  , 0.000000 
0.612000  , 22587.716173  , 22587.716173  , 0.000000 
0.613000  , 22525.322556  , 22525.322556  , 0.000000 
0.614000  , 22459.313406  , 22459.313406  , 0.000000 
0.615000  , 22455.329014  , 22455.329014  , 0.000000 
0.616000  , 22483.741400  , 22483.741400  , 0.000000 
0.617000  , 22540.986731  , 22540.986731  , 0.000000 
0.618000  , 22602.300529  , 22602.300529  , 0.000000 
0.619000  , 22667.446816  , 22667.446816  , 0.000000 
0.620000  , 22669.776457  , 22669.776457  , 0.000000 
0.621000  , 22640.833927  , 22640.833927  , 0.000000 
0.622000  , 22582.936361  , 22582.936361  , 0.000000 
0.623000  , 22521.861958  , 22521.861958  , 0.000000 
0.624000  , 22456.498534  , 22456.498534  , 0.000000 
0.625000  , 22453.652437  , 22453.652437  , 0.000000 
0.626000  , 22482.994672  , 22482.994672  , 0.000000 
0.627000  , 22540.885761  , 22540.885761  , 0.000000 
0.628000  , 22602.046329  , 22602.046329  , 0.000000 
0.629000  , 22667.692898  , 22667.692898  , 0.000000 
0.630000  , 22670.707661  , 22670.707661  , 0.000000 
0.631000  , 22641.510941  , 22641.510941  , 0.000000 
0.632000  , 22583.821868  , 22583.821868  , 0.000000 
0.633000  , 22522.581841  , 22522.581841  , 0.000000 
0.634000  , 22456.809760  , 22456.809760  , 0.000000 
0.635000  , 22453.817293  , 22453.817293  , 0.000000 
0.636000  , 22483.016902  , 22483.016902  , 0.000000 
0.637000  , 22540.721574  , 22540.721574  , 0.000000 
0.638000  , 22601.990720  , 22601.990720  , 0.000000 
0.639000  , 22667.756836  , 22667.756836  , 0.000000 
0.640000  , 22670.733320  , 22670.733320  , 0.000000 
0.641000  , 22641.543208  , 22641.543208  , 0.000000 
0.642000  , 22583.829624  , 22583.829624  , 0.000000 
0.643000  , 22522.545583  , 22522.545583  , 0.000000 
0.644000  , 22456.795863  , 22456.795863  , 0.000000 
0.645000  , 22453.836645  , 22453.836645  , 0.000000 
0.646000  , 22483.010933  , 22483.010933  , 0.000000 
0.647000  , 22540.739520  , 22540.739520  , 0.000000 
0.648000  , 22602.025822  , 22602.025822  , 0.000000 
0.649000  , 22667.765978  , 22667.765978  , 0.000000 
0.650000  , 22670.721717  , 22670.721717  , 0.000000 
0.651000  , 22641.546148  , 22641.546148  , 0.000000 
0.652000  , 22583.822650  , 22583.822650  , 0.000000 
0.653000  , 22522.600559  , 22522.600559  , 0.000000 
0.654000  , 22457.343188  , 22457.343188  , 0.000000 
0.655000  , 22455.116315  , 22455.116315  , 0.000000 
0.656000  , 22483.960491  , 22483.960491  , 0.000000 
0.657000  , 22542.214428  , 22542.214428  , 0.000000 
0.658000  , 22603.556370  , 22603.556370  , 0.000000 
0.659000  , 22668.514007  , 22668.514007  , 0.000000 
0.660000  , 22670.746538  , 22670.746538  , 0.000000 
0.661000  , 22642.034460  , 22642.034460  , 0.000000 
0.662000  , 22583.785713  , 22583.785713  , 0.000000 
0.663000  , 22522.881635  , 22522.881635  , 0.000000 
0.664000  , 22460.385545  , 22460.385545  , 0.000000 
0.665000  , 22462.975252  , 22462.975252  , 0.000000 
0.666000  , 22492.095590  , 22492.095590  , 0.000000 
0.667000  , 22555.768160  , 22555.768160  , 0.000000 
0.668000  , 22621.035024  , 22621.035024  , 0.000000 
0.669000  , 22684.797924  , 22684.797924  , 0.000000 
0.670000  , 22684.898952  , 22684.898952  , 0.000000 
0.671000  , 22657.520560  , 22657.520560  , 0.000000 
0.672000  , 22592.492599  , 22592.492599  , 0.000000 
0.673000  , 22529.259653  , 22529.259653  , 0.000000 
0.674000  , 22472.371156  , 22472.371156  , 0.000000 
0.675000  , 22476.586742  , 22476.586742  , 0.000000 
0.676000  , 22502.439655  , 22502.439655  , 0.000000 
0.677000  , 22572.398646  , 22572.398646  , 0.000000 
0.678000  , 22641.583290  , 22641.583290  , 0.000000 
0.679000  , 22706.049033  , 22706.049033  , 0.000000 
0.680000  , 22721.136295  , 22721.136295  , 0.000000 
0.681000  , 22724.812823  , 22724.812823  , 0.000000 
0.682000  , 22701.143919  , 22701.143919  , 0.000000 
0.683000  , 22686.736872  , 22686.736872  , 0.000000 
0.684000  , 22642.147305  , 22642.147305  , 0.000000 
0.685000  , 22611.568853  , 22611.568853  , 0.000000 
0.686000  , 22629.532231  , 22629.532231  , 0.000000 
0.687000  , 22662.975864  , 22662.975864  , 0.000000 
0.688000  , 22683.332253  , 22683.332253  , 0.000000 
0.689000  , 22740.886769  , 22740.886769  , 0.000000 
0.690000  , 22780.000390  , 22780.000390  , 0.000000 
0.691000  , 22761.365935  , 22761.365935  , 0.000000 
0.692000  , 22715.372978  , 22715.372978  , 0.000000 
0.693000  , 22666.214612  , 22666.214612  , 0.000000 
0.694000  , 22593.432653  , 22593.432653  , 0.000000 
0.695000  , 22559.300775  , 22559.300775  , 0.000000 
0.696000  , 22560.476894  , 22560.476894  , 0.000000 
0.697000  , 22591.794329  , 22591.794329  , 0.000000 
0.698000  , 22630.168506  , 22630.168506  , 0.000000 
0.699000  , 22687.948384  , 22687.948384  , 0.000000 
0.700000  , 22704.175296  , 22704.175296  , 0.000000 
0.701000  , 22689.729354  , 22689.729354  , 0.000000 
0.702000  , 22646.799378  , 22646.799378  , 0.000000 
0.703000  , 22600.856850  , 22600.856850  , 0.000000 
0.704000  , 22537.853126  , 22537.853126  , 0.000000 
0.705000  , 22521.422064  , 22521.422064  , 0.000000 
0.706000  , 22534.585649  , 22534.585649  , 0.000000 
0.707000  , 22577.677016  , 22577.677016  , 0.000000 
0.708000  , 22622.690656  , 22622.690656  , 0.000000 
0.709000  , 22684.390961  , 22684.390961  , 0.000000 
0.710000  , 22699.130448  , 22699.130448  , 0.000000 
0.711000  , 22684.704302  , 22684.704302  , 0.000000 
0.712000  , 22640.409063  , 22640.409063  , 0.000000 
0.713000  , 22594.953570  , 22594.953570  , 0.000000 
0.714000  , 22533.370931  , 22533.370931  , 0.000000 
0.715000  , 22518.554018  , 22518.554018  , 0.000000 
0.716000  , 22533.141918  , 22533.141918  , 0.000000 
0.717000  , 22577.431333  , 22577.431333  , 0.000000 
0.718000  , 22622.907328  , 22622.907328  , 0.000000 
0.719000  , 22684.560255  , 22684.560255  , 0.000000 
0.720000  , 22699.634475  , 22699.634475  , 0.000000 
0.721000  , 22685.242126  , 22685.242126  , 0.000000 
0.722000  , 22640.994766  , 22640.994766  , 0.000000 
0.723000  , 22595.531960  , 22595.531960  , 0.000000 
0.724000  , 22533.959139  , 22533.959139  , 0.000000 
0.725000  , 22518.846257  , 22518.846257  , 0.000000 
0.726000  , 22533.300436  , 22533.300436  , 0.000000 
0.727000  , 22577.541032  , 22577.541032  , 0.000000 
0.728000  , 22622.996475  , 22622.996475  , 0.000000 
0.729000  , 22684.580492  , 22684.580492  , 0.000000 
0.730000  , 22699.714426  , 22699.714426  , 0.000000 
0.731000  , 22685.252142  , 22685.252142  , 0.000000 
0.732000  , 22641.012069  , 22641.012069  , 0.000000 
0.733000  , 22595.557407  , 22595.557407  , 0.000000 
0.734000  , 22533.978359  , 22533.978359  , 0.000000 
0.735000  , 22518.864648  , 22518.864648  , 0.000000 
0.736000  , 22533.347551  , 22533.347551  , 0.000000 
0.737000  , 22577.588501  , 22577.588501  , 0.000000 
0.738000  , 22623.035003  , 22623.035003  , 0.000000 
0.739000  , 22684.621312  , 22684.621312  , 0.000000 
0.740000  , 22699.728207  , 22699.728207  , 0.000000 
0.741000  , 22685.244984  , 22685.244984  , 0.000000 
0.742000  , 22640.998701  , 22640.998701  , 0.000000 
0.743000  , 22595.569607  , 22595.569607  , 0.000000 
0.744000  , 22534.096150  , 22534.096150  , 0.000000 
0.745000  , 22519.355089  , 22519.355089  , 0.000000 
0.746000  , 22534.412584  , 22534.412584  , 0.000000 
0.747000  , 22578.868868  , 22578.868868  , 0.000000 
0.748000  , 22624.239575  , 22624.239575  , 0.000000 
0.749000  , 22686.020942  , 22686.020942  , 0.000000 
0.750000  , 22700.655639  , 22700.655639  , 0.000000 
0.751000  , 22685.562886  , 22685.562886  , 0.000000 
0.752000  , 22641.149028  , 22641.149028  , 0.000000 
0.753000  , 22595.966429  , 22595.966429  , 0.000000 
0.754000  , 22534.705440  , 22534.705440  , 0.000000 
0.755000  , 22522.185826  , 22522.185826  , 0.000000 
0.756000  , 22541.032409  , 22541.032409  , 0.000000 
0.757000  , 22588.585567  , 22588.585567  , 0.000000 
0.758000  , 22636.265881  , 22636.265881  , 0.000000 
0.759000  , 22702.446629  , 22702.446629  , 0.000000 
0.760000  , 22717.868093  , 22717.868093  , 0.000000 
0.761000  , 22700.674413  , 22700.674413  , 0.000000 
0.762000  , 22654.722690  , 22654.722690  , 0.000000 
0.763000  , 22607.359471  , 22607.359471  , 0.000000 
0.764000  , 22541.802705  , 22541.802705  , 0.000000 
0.765000  , 22531.740743  , 22531.740743  , 0.000000 
0.766000  , 22554.181595  , 22554.181595  , 0.000000 
0.767000  , 22600.786326  , 22600.786326  , 0.000000 
0.768000  , 22650.260882  , 22650.260882  , 0.000000 
0.769000  , 22723.052535  , 22723.052535  , 0.000000 
0.770000  , 22741.664685  , 22741.664685  , 0.000000 
0.771000  , 22739.116056  , 22739.116056  , 0.000000 
0.772000  , 22722.479930  , 22722.479930  , 0.000000 
0.773000  , 22715.741246  , 22715.741246  , 0.000000 
0.774000  , 22690.703035  , 22690.703035  , 0.000000 
0.775000  , 22700.232494  , 22700.232494  , 0.000000 
0.776000  , 22697.626290  , 22697.626290  , 0.000000 
0.777000  , 22714.702052  , 22714.702052  , 0.000000 
0.778000  , 22742.818091  , 22742.818091  , 0.000000 
0.779000  , 22773.897489  , 22773.897489  , 0.000000 
0.780000  , 22772.740105  , 22772.740105  , 0.000000 
0.781000  , 22784.650941  , 22784.650941  , 0.000000 
0.782000  , 22767.442669  , 22767.442669  , 0.000000 
0.783000  , 22725.922555  , 22725.922555  , 0.000000 
0.784000  , 22673.675128  , 22673.675128  , 0.000000 
0.785000  , 22654.536528  , 22654.536528  , 0.000000 
0.786000  , 22640.640499  , 22640.640499  , 0.000000 
0.787000  , 22652.545582  , 22652.545582  , 0.000000 
0.788000  , 22674.154608  , 22674.154608  , 0.000000 
0.789000  , 22714.608427  , 22714.608427  , 0.000000 
0.790000  , 22721.524800  , 22721.524800  , 0.000000 
0.791000  , 22716.707236  , 22716.707236  , 0.000000 
0.792000  , 22690.520024  , 22690.520024  , 0.000000 
0.793000  , 22658.215772  , 22658.215772  , 0.000000 
0.794000  , 22609.523167  , 22609.523167  , 0.000000 
0.795000  , 22598.666222  , 22598.666222  , 0.000000 
0.796000  , 22601.961154  , 22601.961154  , 0.000000 
0.797000  , 22628.547085  , 22628.547085  , 0.000000 
0.798000  , 22660.216828  , 22660.216828  , 0.000000 
0.799000  , 22708.075930  , 22708.075930  , 0.000000 
0.800000  , 22717.566422  , 22717.566422  , 0.000000 
0.801000  , 22713.143824  , 22713.143824  , 0.000000 
0.802000  , 22684.943260  , 22684.943260  , 0.000000 
0.803000  , 22652.463790  , 22652.463790  , 0.000000 
0.804000  , 22603.609057  , 22603.609057  , 0.000000 
0.805000  , 22594.054847  , 22594.054847  , 0.000000 
0.806000  , 22598.592548  , 22598.592548  , 0.000000 
0.807000  , 22626.739615  , 22626.739615  , 0.000000 
0.808000  , 22659.294657  , 22659.294657  , 0.000000 
0.809000  , 22708.302041  , 22708.302041  , 0.000000 
0.810000  , 22717.916803  , 22717.916803  , 0.000000 
0.811000  , 22713.503672  , 22713.503672  , 0.000000 
0.812000  , 22685.524867  , 22685.524867  , 0.000000 
0.813000  , 22653.025666  , 22653.025666  , 0.000000 
0.814000  , 22604.022874  , 22604.022874  , 0.000000 
0.815000  , 22594.468936  , 22594.468936  , 0.000000 
0.816000  , 22598.868233  , 22598.868233  , 0.000000 
0.817000  , 22626.856835  , 22626.856835  , 0.000000 
0.818000  , 22659.381124  , 22659.381124  , 0.000000 
0.819000  , 22708.381366  , 22708.381366  , 0.000000 
0.820000  , 22717.950067  , 22717.950067  , 0.000000 
0.821000  , 22713.560298  , 22713.560298  , 0.000000 
0.822000  , 22685.583893  , 22685.583893  , 0.000000 
0.823000  , 22653.041224  , 22653.041224  , 0.000000 
0.824000  , 22604.071177  , 22604.071177  , 0.000000 
0.825000  , 22594.552440  , 22594.552440  , 0.000000 
0.826000  , 22598.909368  , 22598.909368  , 0.000000 
0.827000  , 22626.924286  , 22626.924286  , 0.000000 
0.828000  , 22659.464711  , 22659.464711  , 0.000000 
0.829000  , 22708.418833  , 22708.418833  , 0.000000 
0.830000  , 22717.935674  , 22717.935674  , 0.000000 
0.831000  , 22713.583835  , 22713.583835  , 0.000000 
0.832000  , 22685.570433  , 22685.570433  , 0.000000 
0.833000  , 22653.088703  , 22653.088703  , 0.000000 
0.834000  , 22604.588687  , 22604.588687  , 0.000000 
0.835000  , 22595.882856  , 22595.882856  , 0.000000 
0.836000  , 22599.954527  , 22599.954527  , 0.000000 
0.837000  , 22628.566881  , 22628.566881  , 0.000000 
0.838000  , 22661.249135  , 22661.249135  , 0.000000 
0.839000  , 22709.650368  , 22709.650368  , 0.000000 
0.840000  , 22718.448401  , 22718.448401  , 0.000000 
0.841000  , 22714.498203  , 22714.498203  , 0.000000 
0.842000  , 22685.831871  , 22685.831871  , 0.000000 
0.843000  , 22653.456815  , 22653.456815  , 0.000000 
0.844000  , 22606.232003  , 22606.232003  , 0.000000 
0.845000  , 22599.246776  , 22599.246776  , 0.000000 
0.846000  , 22603.888445  , 22603.888445  , 0.000000 
0.847000  , 22635.093353  , 22635.093353  , 0.000000 
0.848000  , 22670.395257  , 22670.395257  , 0.000000 
0.849000  , 22720.225936  , 22720.225936  , 0.000000 
0.850000  , 22730.807825  , 22730.807825  , 0.000000 
0.851000  , 22729.528058  , 22729.528058  , 0.000000 
0.852000  , 22699.706868  , 22699.706868  , 0.000000 
0.853000  , 22666.312096  , 22666.312096  , 0.000000 
0.854000  , 22621.327427  , 22621.327427  , 0.000000 
0.855000  , 22615.546929  , 22615.546929  , 0.000000 
0.856000  , 22615.853741  , 22615.853741  , 0.000000 
0.857000  , 22650.279819  , 22650.279819  , 0.000000 
0.858000  , 22686.549073  , 22686.549073  , 0.000000 
0.859000  , 22732.835865  , 22732.835865  , 0.000000 
0.860000  , 22745.193174  , 22745.193174  , 0.000000 
0.861000  , 22755.882329  , 22755.882329  , 0.000000 
0.862000  , 22738.109332  , 22738.109332  , 0.000000 
0.863000  , 22726.396998  , 22726.396998  , 0.000000 
0.864000  , 22692.199542  , 22692.199542  , 0.000000 
0.865000  , 22675.504209  , 22675.504209  , 0.000000 
0.866000  , 22681.874071  , 22681.874071  , 0.000000 
0.867000  , 22709.937532  , 22709.937532  , 0.000000 
0.868000  , 22728.996625  , 22728.996625  , 0.000000 
0.869000  , 22777.517843  , 22777.517843  , 0.000000 
0.870000  , 22807.179232  , 22807.179232  , 0.000000 
0.871000  , 22804.441436  , 22804.441436  , 0.000000 
0.872000  , 22788.088814  , 22788.088814  , 0.000000 
0.873000  , 22771.377900  , 22771.377900  , 0.000000 
0.874000  , 22715.118142  , 22715.118142  , 0.000000 
0.875000  , 22680.501384  , 22680.501384  , 0.000000 
0.876000  , 22670.757527  , 22670.757527  , 0.000000 
0.877000  , 22677.035299  , 22677.035299  , 0.000000 
0.878000  , 22686.556588  , 22686.556588  , 0.000000 
0.879000  , 22727.618075  , 22727.618075  , 0.000000 
0.880000  , 22747.374926  , 22747.374926  , 0.000000 
0.881000  , 22746.467308  , 22746.467308  , 0.000000 
0.882000  , 22723.173127  , 22723.173127  , 0.000000 
0.883000  , 22700.759905  , 22700.759905  , 0.000000 
0.884000  , 22657.017476  , 22657.017476  , 0.000000 
0.885000  , 22638.560524  , 22638.560524  , 0.000000 
0.886000  , 22636.961491  , 22636.961491  , 0.000000 
0.887000  , 22657.006749  , 22657.006749  , 0.000000 
0.888000  , 22677.343874  , 22677.343874  , 0.000000 
0.889000  , 22720.545136  , 22720.545136  , 0.000000 
0.890000  , 22737.913809  , 22737.913809  , 0.000000 
0.891000  , 22738.854629  , 22738.854629  , 0.000000 
0.892000  , 22716.771558  , 22716.771558  , 0.000000 
0.893000  , 22693.901983  , 22693.901983  , 0.000000 
0.894000  , 22650.164072  , 22650.164072  , 0.000000 
0.895000  , 22633.552121  , 22633.552121  , 0.000000 
0.896000  , 22632.380589  , 22632.380589  , 0.000000 
0.897000  , 22654.164763  , 22654.164763  , 0.000000 
0.898000  , 22677.085126  , 22677.085126  , 0.000000 
0.899000  , 22721.058747  , 22721.058747  , 0.000000 
0.900000  , 22737.735233  , 22737.735233  , 0.000000 
0.901000  , 22739.024429  , 22739.024429  , 0.000000 
0.902000  , 22717.249330  , 22717.249330  , 0.000000 
0.903000  , 22694.210610  , 22694.210610  , 0.000000 
0.904000  , 22650.224231  , 22650.224231  , 0.000000 
0.905000  , 22633.501910  , 22633.501910  , 0.000000 
0.906000  , 22632.274050  , 22632.274050  , 0.000000 
0.907000  , 22654.017162  , 22654.017162  , 0.000000 
0.908000  , 22677.044032  , 22677.044032  , 0.000000 
0.909000  , 22721.040717  , 22721.040717  , 0.000000 
0.910000  , 22737.802887  , 22737.802887  , 0.000000 
0.911000  , 22739.041951  , 22739.041951  , 0.000000 
0.912000  , 22717.319313  , 22717.319313  , 0.000000 
0.913000  , 22694.312806  , 22694.312806  , 0.000000 
0.914000  , 22650.319196  , 22650.319196  , 0.000000 
0.915000  , 22633.592090  , 22633.592090  , 0.000000 
0.916000  , 22632.389030  , 22632.389030  , 0.000000 
0.917000  , 22654.118193  , 22654.118193  , 0.000000 
0.918000  , 22677.109564  , 22677.109564  , 0.000000 
0.919000  , 22721.116338  , 22721.116338  , 0.000000 
0.920000  , 22737.831478  , 22737.831478  , 0.000000 
0.921000  , 22739.036753  , 22739.036753  , 0.000000 
0.922000  , 22717.305766  , 22717.305766  , 0.000000 
0.923000  , 22694.334195  , 22694.334195  , 0.000000 
0.924000  , 22650.427710  , 22650.427710  , 0.000000 
0.925000  , 22634.077507  , 22634.077507  , 0.000000 
0.926000  , 22633.478515  , 22633.478515  , 0.000000 
0.927000  , 22655.508007  , 22655.508007  , 0.000000 
0.928000  , 22678.474840  , 22678.474840  , 0.000000 
0.929000  , 22722.779468  , 22722.779468  , 0.000000 
0.930000  , 22739.200158  , 22739.200158  , 0.000000 
0.931000  , 22739.859966  , 22739.859966  , 0.000000 
0.932000  , 22717.878303  , 22717.878303  , 0.000000 
0.933000  , 22694.994351  , 22694.994351  , 0.000000 
0.934000  , 22650.864800  , 22650.864800  , 0.000000 
0.935000  , 22635.468973  , 22635.468973  , 0.000000 
0.936000  , 22636.398681  , 22636.398681  , 0.000000 
0.937000  , 22659.846685  , 22659.846685  , 0.000000 
0.938000  , 22684.476643  , 22684.476643  , 0.000000 
0.939000  , 22731.651890  , 22731.651890  , 0.000000 
0.940000  , 22750.043488  , 22750.043488  , 0.000000 
0.941000  , 22752.385138  , 22752.385138  , 0.000000 
0.942000  , 22732.189890  , 22732.189890  , 0.000000 
0.943000  , 22709.787440  , 22709.787440  , 0.000000 
0.944000  , 22664.146794  , 22664.146794  , 0.000000 
0.945000  , 22649.524986  , 22649.524986  , 0.000000 
0.946000  , 22651.737064  , 22651.737064  , 0.000000 
0.947000  , 22673.670129  , 22673.670129  , 0.000000 
0.948000  , 22697.395404  , 22697.395404  , 0.000000 
0.949000  , 22747.152777  , 22747.152777  , 0.000000 
0.950000  , 22764.299693  , 22764.299693  , 0.000000 
0.951000  , 22768.677616  , 22768.677616  , 0.000000 
0.952000  , 22757.630323  , 22757.630323  , 0.000000 
0.953000  , 22750.308800  , 22750.308800  , 0.000000 
0.954000  , 22720.069071  , 22720.069071  , 0.000000 
0.955000  , 22718.423838  , 22718.423838  , 0.000000 
0.956000  , 22715.769216  , 22715.769216  , 0.000000 
0.957000  , 22731.644903  , 22731.644903  , 0.000000 
0.958000  , 22756.085286  , 22756.085286  , 0.000000 
0.959000  , 22794.754102  , 22794.754102  , 0.000000 
0.960000  , 22806.354755  , 22806.354755  , 0.000000 
0.961000  , 22822.061591  , 22822.061591  , 0.000000 
0.962000  , 22814.599620  , 22814.599620  , 0.000000 
0.963000  , 22795.526030  , 22795.526030  , 0.000000 
0.964000  , 22763.607483  , 22763.607483  , 0.000000 
0.965000  , 22746.170168  , 22746.170168  , 0.000000 
0.966000  , 22721.415485  , 22721.415485  , 0.000000 
0.967000  , 22721.122549  , 22721.122549  , 0.000000 
0.968000  , 22727.891869  , 22727.891869  , 0.000000 
0.969000  , 22750.378735  , 22750.378735  , 0.000000 
0.970000  , 22756.946540  , 22756.946540  , 0.000000 
0.971000  , 22765.217494  , 22765.217494  , 0.000000 
0.972000  , 22752.598823  , 22752.598823  , 0.000000 
0.973000  , 22732.857520  , 22732.857520  , 0.000000 
0.974000  , 22696.502931  , 22696.502931  , 0.000000 
0.975000  , 22684.938783  , 22684.938783  , 0.000000 
0.976000  , 22678.086021  , 22678.086021  , 0.000000 
0.977000  , 22689.477618  , 22689.477618  , 0.000000 
0.978000  , 22705.725834  , 22705.725834  , 0.000000 
0.979000  , 22739.671520  , 22739.671520  , 0.000000 
0.980000  , 22750.479039  , 22750.479039  , 0.000000 
0.981000  , 22756.669518  , 22756.669518  , 0.000000 
0.982000  , 22743.992634  , 22743.992634  , 0.000000 
0.983000  , 22726.111020  , 22726.111020  , 0.000000 
0.984000  , 22690.474957  , 22690.474957  , 0.000000 
0.985000  , 22678.566363  , 22678.566363  , 0.000000 
0.986000  , 22673.099198  , 22673.099198  , 0.000000 
0.987000  , 22686.009946  , 22686.009946  , 0.000000 
0.988000  , 22703.388705  , 22703.388705  , 0.000000 
0.989000  , 22739.294587  , 22739.294587  , 0.000000 
0.990000  , 22751.018858  , 22751.018858  , 0.000000 
0.991000  , 22756.734749  , 22756.734749  , 0.000000 
0.992000  , 22743.787400  , 22743.787400  , 0.000000 
0.993000  , 22726.475394  , 22726.475394  , 0.000000 
0.994000  , 22690.531314  , 22690.531314  , 0.000000 
0.995000  , 22678.718953  , 22678.718953  , 0.000000 
0.996000  , 22673.049186  , 22673.049186  , 0.000000 
0.997000  , 22686.030398  , 22686.030398  , 0.000000 
0.998000  , 22703.321444  , 22703.321444  , 0.000000 
0.999000  , 22738.526928  , 22738.526928  , 0.000000 
1.000000  , 22723.716392  , 22723.716392  , 0.000000 
